GGTATCAGCA	Q1
GGAATGTTGC	Q2
GGCCATCCTC	Q3
GGAAACATCG	Q4
GGAACCGAGA	Q5
GGAGCAGGAA	Q6
GGCCGTGAGA	Q7
GGGCCACATA	Q8
GGTCCGTCTA	Q9
GGACACGACC	Q10
GGCCGACAAC	Q11
GGACATTGGC	Q12
GGAACGCTTA	Q13
GGAGTCACTA	Q14
GGCCTCCTGA	Q15
GGGCGAGTAA	R1
GGTCTTCACA	R2
GGACAGATTC	R3
GGCCTAATCC	R4
GGACCACTGT	R5
GGAAGACGGA	R6
GGATCCTGTA	R7
GGCGAACTTA	R8
GGGCTAACGA	R9
GGTGAAGAGA	R10
GGAGATGTAC	R11
GGCCTCTATC	R12
GGAACGTGAT	R13
GGAAGGTACA	R14
GGATTGAGGA	R15
GGCGACTGGA	R16
GGGCTCGGTA	R17
GGTGGAACAA	R18
GGAGCACCTC	R19
GGCGACACAC	R20
