GGACAAGCTA	H1
GGAAACATCG	H9
GGACATTGGC	H17
GGACCACTGT	H25
GGAACGTGAT	H33
GGCGCTGATC	H41
GGCAGATCTG	H49
GGATGCCTAA	H57
GGAGTACAAG	H15
GGCATCAAGT	G70
GGAGTGGTCA	C25
GGAACAACCA	H2
GGAACCGAGA	H10
GGAACGCTTA	H18
GGAAGACGGA	H26
GGAAGGTACA	H34
GGACACAGAA	H42
GGACAGCAGA	H50
GGACCTCCAA	H58
GGACGCTCGA	H66
GGACGTATCA	H24
GGACTATGCA	G71
GGAGAGTCAA	C66
GGAGATCGCA	H3
GGAGCAGGAA	H11
GGAGTCACTA	H19
GGATCCTGTA	H27
GGATTGAGGA	H35
GGCAACCACA	H43
GGCAAGACTA	H51
GGCAATGGAA	H59
GGCACTTCGA	H67
GGCAGCGTTA	H65
GGCATACCAA	F15
GGCCAGTTCA	C71
GGCCGAAGTA	H4
GGCCGTGAGA	H12
GGCCTCCTGA	H20
GGCGAACTTA	H28
GGCGACTGGA	H36
GGCGCATACA	H44
GGCTCAATGA	H52
GGCTGAGCCA	H60
GGCTGGCATA	H68
GGGAATCTGA	H70
GGGACTAGTA	F24
GGGAGCTGAA	C72
GGGATAGACA	H5
GGGCCACATA	H13
GGGCGAGTAA	H21
GGGCTAACGA	H29
GGGCTCGGTA	H37
GGGGAGAACA	H45
GGGGTGCGAA	H53
GGGTACGCAA	H61
GGGTCGTAGA	H69
GGGTCTGTCA	H71
GGGTGTTCTA	F65
GGTATCAGCA	H6
GGTCCGTCTA	H14
GGTCTTCACA	H22
GGTGAAGAGA	H30
GGTGGAACAA	H38
GGTGGCTTCA	H46
GGTGGTGGTA	H54
GGTTCACGCA	H62
GGAAGAGATC	G15
GGAAGGACAC	F70
GGAATCCGTC	BLANK
GGAATGTTGC	H7
GGACAGATTC	H23
GGAGATGTAC	H31
GGAGCACCTC	H39
GGAGCCATGC	H47
GGAGGCTAAC	H55
GGATAGCGAC	H63
GGATTGGCTC	G24
GGCAAGGAGC	F71
GGCCATCCTC	H8
GGCCGACAAC	H16
GGCCTCTATC	H32
GGCGACACAC	H40
GGCGGATTGC	H48
GGCTAAGGTC	H56
GGGAACAGGC	H64
GGGACAGTGC	H72
GGGAGTTAGC	G65
GGGATGAATC	C16