GGACAAGCTA	F1
GGAAACATCG	F9
GGACATTGGC	F17
GGACCACTGT	F25
GGAACGTGAT	F33
GGCGCTGATC	F41
GGCAGATCTG	F49
GGATGCCTAA	F57
GGCTGTAGCC	BLANK
GGAGTACAAG	F73
GGCATCAAGT	F81
GGAGTGGTCA	F89
GGAACAACCA	F2
GGAACCGAGA	F10
GGAACGCTTA	F18
GGAAGACGGA	F26
GGAAGGTACA	F34
GGACACAGAA	F42
GGACAGCAGA	F50
GGACCTCCAA	F58
GGACGCTCGA	F66
GGACGTATCA	F74
GGACTATGCA	F82
GGAGAGTCAA	F90
GGAGATCGCA	F3
GGAGCAGGAA	F11
GGAGTCACTA	F19
GGATCCTGTA	F27
GGATTGAGGA	F35
GGCAACCACA	F43
GGCAAGACTA	F51
GGCAATGGAA	F59
GGCACTTCGA	F67
GGCAGCGTTA	F75
GGCATACCAA	F83
GGCCAGTTCA	F91
GGCCGAAGTA	F4
GGCCGTGAGA	F12
GGCCTCCTGA	F20
GGCGAACTTA	F28
GGCGACTGGA	F36
GGCGCATACA	F44
GGCTCAATGA	F52
GGCTGAGCCA	F60
GGCTGGCATA	F68
GGGAATCTGA	F76
GGGACTAGTA	F84
GGGAGCTGAA	F92
GGGATAGACA	F5
GGGCCACATA	F13
GGGCGAGTAA	F21
GGGCTAACGA	F29
GGGCTCGGTA	F37
GGGGAGAACA	F45
GGGGTGCGAA	F53
GGGTACGCAA	F61
GGGTCGTAGA	F69
GGGTCTGTCA	F77
GGGTGTTCTA	F85
GGTAGGATGA	F93
GGTATCAGCA	F6
GGTCCGTCTA	F14
GGTCTTCACA	F22
GGTGAAGAGA	F30
GGTGGAACAA	F38
GGTGGCTTCA	F46
GGTGGTGGTA	F54
GGTTCACGCA	F62
GGAACTCACC	BLANK
GGAAGAGATC	F78
GGAAGGACAC	F86
GGAATCCGTC	F94
GGAATGTTGC	F7
GGACACGACC	BLANK
GGACAGATTC	F23
GGAGATGTAC	F31
GGAGCACCTC	F39
GGAGCCATGC	F47
GGAGGCTAAC	F55
GGATAGCGAC	F63
GGATCATTCC	BLANK
GGATTGGCTC	F79
GGCAAGGAGC	F87
GGCACCTTAC	F95
GGCCATCCTC	F8
GGCCGACAAC	F16
GGCCTAATCC	BLANK
GGCCTCTATC	F32
GGCGACACAC	F40
GGCGGATTGC	F48
GGCTAAGGTC	F56
GGGAACAGGC	F64
GGGACAGTGC	F72
GGGAGTTAGC	F80
GGGATGAATC	F88
GGGCCAAGAC	F96