GGACAAGCTA	M21
GGAACAACCA	M22
GGAGATCGCA	M23
GGCCGAAGTA	M24
GGGATAGACA	M25
GGTATCAGCA	M26
GGAATGTTGC	L1
GGCCATCCTC	L2
GGAAACATCG	L3
GGAACCGAGA	L4
GGAGCAGGAA	L5
GGCCGTGAGA	L6
GGGCCACATA	L7
GGTCCGTCTA	L8
GGACACGACC	L9
GGCCGACAAC	L10
GGACATTGGC	L11
GGAACGCTTA	L12
GGAGTCACTA	L13
GGCCTCCTGA	L14
GGGCGAGTAA	L15
GGTCTTCACA	L16
GGACAGATTC	L17
GGCCTAATCC	L18
GGACCACTGT	L19
GGAAGACGGA	L20
GGATCCTGTA	L21
GGCGAACTTA	L22
GGGCTAACGA	L23
GGTGAAGAGA	L24
GGAGATGTAC	L25
GGCCTCTATC	L26
GGAACGTGAT	L27
GGAAGGTACA	L28
GGATTGAGGA	K1
GGCGACTGGA	K2
GGGCTCGGTA	K3
GGTGGAACAA	K4
GGAGCACCTC	K5
GGCGACACAC	K6
GGCGCTGATC	K7
GGACACAGAA	K8
GGCAACCACA	K31
GGCGCATACA	K32
GGGGAGAACA	K33
GGTGGCTTCA	K34
GGAGCCATGC	J14
GGCGGATTGC	J15
GGCAGATCTG	J16
GGACAGCAGA	J17
GGCAAGACTA	J18
GGCTCAATGA	J19
GGGGTGCGAA	J20
GGTGGTGGTA	J21
GGAGGCTAAC	J22
GGCTAAGGTC	J23
GGATGCCTAA	J24
GGACCTCCAA	J25
GGCAATGGAA	J26
GGCTGAGCCA	J27
GGGTACGCAA	S1
GGTTCACGCA	S2
GGATAGCGAC	S3
GGGAACAGGC	S4
GGCTGTAGCC	S5
GGACGCTCGA	S6
GGCACTTCGA	S7
GGCTGGCATA	S8
GGGTCGTAGA	S9
GGAACTCACC	S10
GGATCATTCC	S11
GGGACAGTGC	S12
GGAGTACAAG	S13
GGACGTATCA	S14
GGCAGCGTTA	S15
GGGAATCTGA	S16
GGGTCTGTCA	S17
GGAAGAGATC	S18
GGATTGGCTC	S19
GGGAGTTAGC	S20
GGCATCAAGT	S21
GGACTATGCA	S22
GGCATACCAA	S23
GGGACTAGTA	S24
GGGTGTTCTA	L9_rep
GGAAGGACAC	S10_rep
GGCAAGGAGC	S11_rep
GGGATGAATC	L18_rep