GGACAAGCTA	D1
GGAAACATCG	D9
GGACATTGGC	D17
GGACCACTGT	D25
GGAACGTGAT	D33
GGCGCTGATC	D41
GGCAGATCTG	D49
GGATGCCTAA	D57
GGAGTACAAG	D73
GGCATCAAGT	D81
GGAGTGGTCA	D89
GGAACAACCA	D2
GGAACCGAGA	D10
GGAACGCTTA	D18
GGAAGACGGA	D26
GGAAGGTACA	D34
GGACACAGAA	D42
GGACAGCAGA	D50
GGACCTCCAA	D58
GGACGCTCGA	D66
GGACGTATCA	D74
GGACTATGCA	D82
GGAGAGTCAA	D90
GGAGATCGCA	D3
GGAGCAGGAA	D11
GGAGTCACTA	D19
GGATCCTGTA	D27
GGATTGAGGA	D35
GGCAACCACA	D43
GGCAAGACTA	D51
GGCAATGGAA	D59
GGCACTTCGA	D67
GGCAGCGTTA	D75
GGCATACCAA	D83
GGCCAGTTCA	D91
GGCCGAAGTA	D4
GGCCGTGAGA	D12
GGCCTCCTGA	D20
GGCGAACTTA	D28
GGCGACTGGA	D36
GGCGCATACA	D44
GGCTCAATGA	D52
GGCTGAGCCA	D60
GGCTGGCATA	D68
GGGAATCTGA	D76
GGGACTAGTA	D84
GGGAGCTGAA	D92
GGGATAGACA	D5
GGGCCACATA	D13
GGGCGAGTAA	D21
GGGCTAACGA	D29
GGGCTCGGTA	D37
GGGGAGAACA	D45
GGGGTGCGAA	D53
GGGTACGCAA	D61
GGGTCGTAGA	D69
GGGTCTGTCA	D77
GGGTGTTCTA	D85
GGTAGGATGA	D93
GGTATCAGCA	D6
GGTCCGTCTA	D14
GGTCTTCACA	D22
GGTGAAGAGA	D30
GGTGGAACAA	D38
GGTGGCTTCA	D46
GGTGGTGGTA	D54
GGTTCACGCA	D62
GGAAGAGATC	D78
GGAAGGACAC	D86
GGAATCCGTC	D94
GGAATGTTGC	D7
GGACAGATTC	D23
GGAGATGTAC	D31
GGAGCACCTC	D39
GGAGCCATGC	D47
GGAGGCTAAC	D55
GGATAGCGAC	D63
GGATTGGCTC	D79
GGCAAGGAGC	D87
GGCCATCCTC	D8
GGCCGACAAC	D16
GGCCTCTATC	D32
GGCGACACAC	D40
GGCGGATTGC	D48
GGCTAAGGTC	D56
GGGAACAGGC	D64
GGGACAGTGC	D72
GGGAGTTAGC	D80
GGGATGAATC	D88