GGACAAGCTA	G1
GGAAACATCG	G9
GGACATTGGC	G17
GGACCACTGT	G25
GGAACGTGAT	G33
GGCGCTGATC	G41
GGCAGATCTG	G49
GGATGCCTAA	G57
GGCTGTAGCC	G65
GGAGTACAAG	G73
GGCATCAAGT	G81
GGAGTGGTCA	G89
GGAACAACCA	G2
GGAACCGAGA	G10
GGAACGCTTA	G18
GGAAGACGGA	G26
GGAAGGTACA	G34
GGACACAGAA	G42
GGACAGCAGA	G50
GGACCTCCAA	G58
GGACGCTCGA	G66
GGACGTATCA	G74
GGACTATGCA	G82
GGAGAGTCAA	G90
GGAGATCGCA	G3
GGAGCAGGAA	G11
GGAGTCACTA	G19
GGATCCTGTA	G27
GGATTGAGGA	G35
GGCAACCACA	G43
GGCAAGACTA	G51
GGCAATGGAA	G59
GGCACTTCGA	G67
GGCAGCGTTA	G75
GGCATACCAA	G83
GGCCAGTTCA	G91
GGCCGAAGTA	G4
GGCCGTGAGA	G12
GGCCTCCTGA	G20
GGCGAACTTA	G28
GGCGACTGGA	G36
GGCGCATACA	G44
GGCTCAATGA	G52
GGCTGAGCCA	G60
GGCTGGCATA	G68
GGGAATCTGA	G76
GGGACTAGTA	G84
GGGAGCTGAA	G92
GGGATAGACA	G5
GGGCCACATA	G13
GGGCGAGTAA	G21
GGGCTAACGA	G29
GGGCTCGGTA	G37
GGGGAGAACA	G45
GGGGTGCGAA	G53
GGGTACGCAA	G61
GGGTCGTAGA	G69
GGGTCTGTCA	G77
GGGTGTTCTA	G85
GGTAGGATGA	G93
GGTATCAGCA	G6
GGTCCGTCTA	G14
GGTCTTCACA	G22
GGTGAAGAGA	G30
GGTGGAACAA	G38
GGTGGCTTCA	G46
GGTGGTGGTA	G54
GGTTCACGCA	G62
GGAACTCACC	G70
GGAAGAGATC	G78
GGAAGGACAC	G86
GGAATCCGTC	G94
GGAATGTTGC	G7
GGACACGACC	G15
GGACAGATTC	G23
GGAGATGTAC	G31
GGAGCACCTC	G39
GGAGCCATGC	G47
GGAGGCTAAC	G55
GGATAGCGAC	G63
GGATCATTCC	G71
GGATTGGCTC	G79
GGCAAGGAGC	G87
GGCACCTTAC	G95
GGCCATCCTC	G8
GGCCGACAAC	G16
GGCCTAATCC	G24
GGCCTCTATC	G32
GGCGACACAC	G40
GGCGGATTGC	G48
GGCTAAGGTC	G56
GGGAACAGGC	G64
GGGACAGTGC	G72
GGGAGTTAGC	G80
GGGATGAATC	G88
GGGCCAAGAC	G96