GGACAAGCTA	E1
GGAAACATCG	E9
GGACATTGGC	E17
GGACCACTGT	E25
GGAACGTGAT	E33
GGCGCTGATC	E41
GGCAGATCTG	E49
GGATGCCTAA	E57
GGAGTACAAG	E92
GGCATCAAGT	E87
GGAGTGGTCA	E70
GGAACAACCA	E95
GGAACCGAGA	E10
GGAACGCTTA	E18
GGAAGACGGA	E26
GGAAGGTACA	E34
GGACACAGAA	E42
GGACAGCAGA	E50
GGACCTCCAA	E58
GGACGCTCGA	E66
GGACGTATCA	E91
GGACTATGCA	E82
GGAGAGTCAA	D15
GGAGATCGCA	E3
GGAGCAGGAA	E11
GGAGTCACTA	E19
GGATCCTGTA	E27
GGATTGAGGA	E35
GGCAACCACA	E43
GGCAAGACTA	E51
GGCAATGGAA	E59
GGCACTTCGA	E67
GGCAGCGTTA	E75
GGCATACCAA	E86
GGCCAGTTCA	D24
GGCCGAAGTA	E4
GGCCGTGAGA	E12
GGCCTCCTGA	E20
GGCGAACTTA	E28
GGCGACTGGA	E36
GGCGCATACA	E44
GGCTCAATGA	E52
GGCTGAGCCA	E60
GGCTGGCATA	E68
GGGAATCTGA	E76
GGGACTAGTA	E84
GGGAGCTGAA	D65
GGGATAGACA	E5
GGGCCACATA	E13
GGGCGAGTAA	E21
GGGCTAACGA	E29
GGGCTCGGTA	E37
GGGGAGAACA	E45
GGGGTGCGAA	E53
GGGTACGCAA	E61
GGGTCGTAGA	E69
GGGTCTGTCA	E77
GGGTGTTCTA	E85
GGTAGGATGA	D70
GGTATCAGCA	E94
GGTCCGTCTA	E14
GGTCTTCACA	E22
GGTGAAGAGA	E30
GGTGGAACAA	E38
GGTGGCTTCA	E46
GGTGGTGGTA	E54
GGTTCACGCA	E62
GGAAGAGATC	E78
GGAAGGACAC	E15
GGAATCCGTC	D71
GGAATGTTGC	E7
GGACAGATTC	E23
GGAGATGTAC	E31
GGAGCACCTC	E39
GGAGCCATGC	E47
GGAGGCTAAC	E55
GGATAGCGAC	E63
GGATTGGCTC	E90
GGCAAGGAGC	E24
GGCCATCCTC	E8
GGCCGACAAC	E16
GGCCTCTATC	E32
GGCGACACAC	E40
GGCGGATTGC	E48
GGCTAAGGTC	E56
GGGAACAGGC	E64
GGGACAGTGC	E72
GGGAGTTAGC	E80
GGGATGAATC	E65